depth,cx,u3,width,max_error,date_added,sha256,path
111,557,423,18,5.57e-14,2026-09-27,339c99e90a56a2aff4e7ce3f465879cd4a25acc8a1f82acb78a4534cd8108b1a,artifacts/111/conditional_loader_111_cx557.qasm
111,558,423,18,5.57e-14,2026-09-27,6eb6fc286ba764787c170ddeec324e60f45bfaa7e7a9f7051f5e69b4d3ea4fe6,artifacts/111/conditional_loader_111_cx558.qasm
111,561,423,18,5.57e-14,2026-09-27,7fb5dcb9227dfe71d7b87f0cd29bdd7bda1fb10537c09b227ff953bdde2d4314,artifacts/111/conditional_loader_111_cx561.qasm
112,573,424,18,3.87e-14,2026-09-27,a24fc374370e6ea6f0242dd49f596ac82d6cdf41347dbffe57a3e4adb48d2326,artifacts/112/conditional_loader_112_cx573.qasm
112,576,422,18,3.88e-14,2026-09-27,c770a17334ecd70df024e6377063b5d335f3e2a0811a2ebf320a461f50a95f64,artifacts/112/conditional_loader_112_cx576.qasm
113,564,424,18,3.88e-14,2026-09-27,6cf736a40af57d503641887dc73c04a9a8278811ec11ad55e87d2a9c51d32ccb,artifacts/113/conditional_loader_113_cx564.qasm
113,568,420,18,3.89e-14,2026-09-27,73fbd06c16b609764eb51c8e5aede8c262b612d2764558da5479477eef20e668,artifacts/113/conditional_loader_113_cx568.qasm
114,564,421,18,3.86e-14,2026-09-27,1bf3025720ef60e2a74e18ae3c77d91c8339dd82e2058805b2b458d7fcc73eab,artifacts/114/conditional_loader_114_cx564.qasm
114,571,419,18,3.86e-14,2026-09-27,7510ebd22c237d7948ed52e3af57369a4378100a6e81048e20459051b1bb3aa9,artifacts/114/conditional_loader_114_cx571.qasm
115,566,418,18,3.78e-14,2026-09-26,3573dfc6cbda537d4a0d17df9935773d93ccd239dac5a2c01ab1d83fc11ccc2e,artifacts/115/conditional_loader_115_cx566.qasm
115,567,418,18,3.78e-14,2026-09-25,8101000e89e5d0ca4c2dcffeb751fdc5c1dfe2ed4af2155d14064068ebecba69,artifacts/115/conditional_loader_115_cx567.qasm
115,568,418,18,3.79e-14,2026-09-24,ec51775f582487f6eac78dee5f23133211efc5ec0a195f24ca4377e22deabfa3,artifacts/115/conditional_loader_115_cx568.qasm
115,569,418,18,3.79e-14,2026-09-24,0664dc07168b96a919b978856d6593b9631a6a16dca90fcf24bc94b07adaeca2,artifacts/115/conditional_loader_115_cx569.qasm
115,571,418,18,3.78e-14,2026-09-24,49a699d8b9898baa0531fc6c87aa214483613ea10f45e9086d8e9c11dc7c423e,artifacts/115/conditional_loader_115_cx571.qasm
115,575,418,18,3.78e-14,2026-09-24,d61f2344fdc86eda504dfd86c39f4eb4a4887c0ff18e46238a9799c2a5dbe3ce,artifacts/115/conditional_loader_115.qasm
116,565,419,18,3.77e-14,2026-09-24,7f73d2c10d9c1454041e4aa6b1043985999f06f3acc5fe69c6b553e22d157156,artifacts/116/conditional_loader_116_cx565.qasm
116,567,419,18,3.77e-14,2026-09-24,97ef2122dc5af3545e8c6c7fca62761075fc5d2221c9fce0a63881f0a23b2530,artifacts/116/conditional_loader_116_cx567.qasm
116,570,421,18,3.79e-14,2026-09-23,4710d2b9a4312bc658e3041b34dd48e2b434c7e188ab27bd563640ed67c57c65,artifacts/116/conditional_loader_116_cx570.qasm
116,571,420,18,3.78e-14,2026-09-23,8e50e43b06cb11e24cfbea52a4d74606ac9000aea957755bdb8bb1a08a4029a1,artifacts/116/conditional_loader_116_cx571.qasm
116,573,420,18,3.78e-14,2026-09-23,5f4e4162dc0880a11db275cb94b573a38f398f3b975c9fec55d7a2652872a570,artifacts/116/conditional_loader_116.qasm
117,576,419,18,3.79e-14,2026-09-22,8ce115b11b716f3153c042e9d8c8a109deb468ae6888f73007b2e259535d2bd4,artifacts/117/conditional_loader_117_cx576.qasm
117,577,419,18,3.80e-14,2026-09-22,d26fa5c655b05c8a9f7f4fc93002061045acaef0368d12f19f7318d6be01c11e,artifacts/117/conditional_loader_117_cx577.qasm
117,590,421,18,3.77e-14,2026-09-20,40cafa773e9afb4f679897a298466d58d3b7bfa6698fff90e94763e85f07a2da,artifacts/117/conditional_loader_117.qasm
118,585,419,18,3.81e-14,2026-09-20,8a2f2f28962e5e3384241758b9bfb84bf94a203e8631188598220c74def10aa3,artifacts/118b/conditional_loader_118b.qasm
118,590,419,18,3.78e-14,2026-09-19,1e683eb532721e73d1fca0d7274d041e3d88edd83fc340a517cfc9f09f4889e2,artifacts/118/conditional_loader_118.qasm
119,586,419,18,3.78e-14,2026-09-19,9a981c03a5747edd9bf59cbb1641bf295358f5376d6949225f6e2bf91f1ce707,artifacts/119/conditional_loader_119.qasm
119,590,419,18,3.77e-14,2026-09-19,08d9e5dd988952a69bf347507f9d336f68821128128b74b1094feba267144c26,artifacts/119/conditional_loader_119_cx590.qasm
120,589,419,18,3.79e-14,2026-09-19,2cbc771a0f56461fef8e96eefe3418ae32130c25b79053ec97a3a3ef4ace8521,artifacts/120/conditional_loader_120.qasm
120,600,425,18,3.79e-14,2026-09-19,52df5a2acad8593f7d3e825c5990dd2e04f675fa1e50f32fb5d29dc480bf0d34,artifacts/120/conditional_loader_120_cx600.qasm
121,584,427,18,3.78e-14,2026-09-19,647a22b90f6bc71046afbffb0ef25af66c8652246392d7830f1d0fbfd235c9d9,artifacts/121/conditional_loader_121.qasm
121,598,429,18,3.79e-14,2026-09-19,89443203c6e99934a2d6faf82b2318a315af5dd9401a747f718a0289798cccbc,artifacts/121/conditional_loader_121_cx598.qasm
123,618,429,18,3.80e-14,2026-09-19,f4fddf102cfbbd16338919a4748826321c1c05b35dcabe0cadc9e39526b97320,artifacts/123/conditional_loader_123_cx618.qasm
123,627,451,18,3.80e-14,2026-09-19,cf922d5d73694ad55e70c9a29fb015bd89667f1ee8026a4e3bdf45b73fe43e8e,artifacts/123/conditional_loader_123.qasm
124,632,451,18,3.79e-14,2026-09-18,3f10f107fed3e768c16416a5aa9392a2b3a551a995178bc9d3fd239b36e04de4,artifacts/124/conditional_loader_124.qasm
125,626,451,18,3.80e-14,2026-09-18,81bbd224dc0359cfcd9871321498ee304d8dcbd04e1ac19a81eee8da8d628704,artifacts/125/conditional_loader_125.qasm
126,634,449,18,3.81e-14,2026-09-17,bbb6476e116844767347980c04eb9a73c8f766ce39e7edf94fba34852e2793f4,artifacts/126/conditional_loader_126.qasm
127,632,449,18,3.81e-14,2026-09-17,2ff3853d6a3c801d83308627842418b9b775fa7c14bbd1b2cd6b7d3f1eb0252d,artifacts/127/conditional_loader_127.qasm
128,630,449,18,3.81e-14,2026-09-17,42699ef8f6351cc5c0dd4ccba1700140168144182c6aec77ba1bf5d690ff3aaf,artifacts/128/conditional_loader_128.qasm
129,651,449,18,3.82e-14,2026-09-17,f5a7a4e1b3af2c14ee9384ea9840a4c41e57e8cad4e533834599a61d26a92def,artifacts/129/conditional_loader_129.qasm
130,651,449,18,3.82e-14,2026-09-17,529d1fd978238a30a1a3bd4eb38a9650ea16124ae08ed49ad012e2d70df6d6eb,artifacts/130/conditional_loader_130.qasm
131,648,449,18,3.81e-14,2026-09-17,b27a0094266b149dcaf9405f64afc5e1a5eda646fc9f3d0c73f941807698150b,artifacts/131/conditional_loader_131.qasm
136,631,413,18,3.81e-14,2026-09-17,78fa9e8946fb9c45651a0b2547702b5d49677827d07694d9ed43e24b06a83bab,artifacts/136/conditional_loader_136.qasm
137,624,413,18,3.81e-14,2026-09-17,4bff167dcb7635f4c8416b36aeb737d1ef49b801173b38de6f52c22579755784,artifacts/137/conditional_loader_137.qasm
148,635,417,18,3.81e-14,2026-09-17,813c7167055f4dc420de7b5c625fca9dea37c589faf7eed261bffbc5bb5ddfc7,artifacts/148/conditional_loader_148.qasm
150,629,417,18,3.81e-14,2026-09-19,9dd9f44be1e1e630a7c1a0e6681e69a7e31297ea6da5c7ab4e0e70523717adda,artifacts/150/conditional_loader_150.qasm
151,637,422,18,2.50e-15,2026-09-17,af6f2c21981c311ba0bb0ceb3f931b9b0ece0e235118d1c5e21320be0c5d0685,artifacts/151/conditional_loader_151.qasm
153,641,423,18,1.79e-15,2026-09-17,11ad1a8a7fff902f4cd91e7b8a943edee963378ce002e654791a2d6ae5fd49d1,artifacts/153/conditional_loader_153.qasm
157,641,423,18,3.80e-14,2026-09-17,f7fa3ae906f310ecd8ea40c490df1d126637b4bc0277020313264dc9a9f3d377,artifacts/157/conditional_loader_157.qasm
157,641,423,18,3.80e-14,2026-09-17,6e1c08d90110432a3fbbeb5bfdc92292feb1940b27ee4ff286dd50658b854826,artifacts/157/conditional_loader_157_local_replay.qasm
163,643,423,18,3.79e-14,2026-09-17,12c92c1935a3a628a2192a725f2a2941b844a78bfeeb205c191e5679d7cb5a19,artifacts/163/conditional_loader_163.qasm
185,854,763,18,6.27e-15,2026-09-16,ef933bc786bc25feb1fbd618fc8c45a0bdc8dce43879aacfcc6042daaca5bfc8,artifacts/185/two_stage_185.qasm
186,855,770,18,6.26e-15,2026-09-16,5e7f8f165928e965cc47d5b697def0681a79aa6432b8d94302374fd071f25ac6,artifacts/186/two_stage_186.qasm
188,855,773,18,7.11e-15,2026-09-15,f8f7e73ad2d48daa31a29a354e2287347b90e59d460f9e7d271495850635e46e,artifacts/188/two_stage_188.qasm
190,857,784,18,7.78e-15,2026-09-14,f8f6aec7835f6fe4e28023e2736553eb029d3522b1ea724a1e0d74213b41f549,artifacts/190/two_stage_190.qasm
192,862,783,18,7.57e-15,2026-09-14,1a8d82717997d03bef441477c91525f0255ff066b333bbd3a84fb2996aed72a6,artifacts/192/two_stage_192.qasm
193,853,783,18,7.56e-15,2026-09-14,4dbd4993f7d1e807b5ae2908f9580d70070f247a4496140b858f08c95ce82709,artifacts/193_cx853/two_stage_193.qasm
193,857,783,18,7.81e-15,2026-09-14,5c00b23d9ea061b8b3062caac17ae2de0ab8457a4705ecc3eea8c1eed49a1bec,artifacts/193/two_stage_193.qasm
196,858,789,18,9.03e-15,2026-09-13,63333fade2e7e38c9a4edf333888c26bdac234c04e955fd6a624c0ea6e714c30,artifacts/196/two_stage_196.qasm
198,858,786,18,9.08e-15,2026-09-13,54502289740d096513f9a0df5556b9d990a2181bb28da8154959004566f29180,artifacts/198/two_stage_198.qasm
218,897,786,18,8.83e-15,2026-09-13,3a685c32ea0d78637be1a575c91e6c7d13db0efdbf37a8f794fb44e7fb024a88,artifacts/218/two_stage_218.qasm
221,944,805,18,7.10e-15,2026-09-13,4f9fa6232930777426ac4f8118155780471f111c31435e7578175170035e313f,artifacts/221/two_stage_221.qasm
222,945,804,18,7.85e-15,2026-09-13,6c8ff19470da3d6550d1741d502065e1ace10c72cb4c9d62aa4683703a344031,artifacts/222/two_stage_222.qasm
224,957,804,18,7.55e-15,2026-09-12,14b9272a21fc9a8d47ce036daa2c45fe792e092f06078f3e7ad4dd14bb79371f,artifacts/224/two_stage_224.qasm
226,959,804,18,7.57e-15,2026-09-12,5d048fc43047ec9566ca713602156681dec0eb5b81515fd839f9a72c2a818765,artifacts/226/two_stage_226.qasm
243,951,715,18,6.87e-15,2026-09-12,38f5948a44d21c923ae740e64b968336898448ee01a30e85d81c583fe3dff696,artifacts/243_cx951/two_stage_243.qasm
243,971,737,18,8.21e-15,2026-09-12,adb3093877907683fd70dcf6bc3a4043f4b4dc2f6999ad118f8fc996d839f4f1,artifacts/243/two_stage_243.qasm
258,1188,1086,18,1.30e-14,2026-09-12,b2a2e8ac6a6d7ee2c2e4ec11bcca4b4ba4fe54aab15b11c71236efcecdca3066,artifacts/258/distributed_level_258.qasm
456,1140,1061,18,2.31e-14,2026-09-11,8e997e511d9fb043ad82896a7c873f5c3a1cca4cde0cce7bf5df5cba6c6c6e7c,artifacts/456/level_merged_456.qasm
524,950,823,18,1.11e-13,2026-09-09,7736b6dab26dd757575acab7135751e8d31f10da563cd96a9cc273135b8e6147,artifacts/524/full_mux_feature_linear_tket_524.qasm
527,950,860,18,1.46e-14,2026-09-09,f83b8695497cca51d13b29e90d6eff184d5cb6def7619511caca79f794192309,artifacts/528/full_mux_feature_linear_528.qasm
529,1036,968,18,1.59e-14,2026-09-09,9d07529b678b046085fa5c0a32b4774e04cb6ba3650e779e4200609e133bc477,artifacts/529/full_mux_feature_linear_529.qasm
530,1020,952,18,1.52e-14,2026-09-09,7f9676b2d372d9ca5eb31889bf9f3af1d6fc4a678bd9b782f6e67ef707938156,artifacts/530/full_mux_feature_permuted_530.qasm
531,1020,915,18,5.26e-14,2026-09-08,8f7e2617cf1435ea76cc70688544b4b0e3a8b5082d82293f98777d90d5a3fda6,artifacts/531/full_mux_531.qasm
718,729,696,18,1.73e-14,2026-09-09,0caa0d0561b3b108648f7f6aca969240ac23153837258b791888e2be213a2ba4,artifacts/718/tket_ancilla_assignment_718.qasm
732,729,832,18,1.11e-14,2026-09-09,d99b8a62fec41d7e40ac538325fc34f4dc0aa7fc3631c37be0998915ec643d04,artifacts/732/ancilla_assignment_732.qasm
739,743,843,18,1.03e-14,2026-09-09,218c2577da21b9ea52d4de73cda0e1ecc4ca291f34032d64a44807e8b638bbcc,artifacts/739/ancilla_assignment_739.qasm
753,742,845,18,1.04e-14,2026-09-09,df0be59c2b41a2b5138578bdc321555fea46a13628289429198ee0b2c2992a89,artifacts/753/pair_boundary_753.qasm
756,747,840,18,1.11e-14,2026-09-09,fce0c6f5067d659ada0aac47bfbfe7bd2f1e514c1402a774f898f72fb39e0657,artifacts/756/pair_boundary_756.qasm
